service_id,name,category,type,description,target_group,income_requirement,cost_to_user,access_type,location_id,availability,phone,email,website,keywords,notes,needs_referral,last_checked,last_verified
SRV001,Bijstandsuitkering,Onkosten en dagelijks leven,Regeling,Mensen zonder inkomen of met een laag inkomen kunnen een bijstandsuitkering aanvragen. De uitkering zorgt ervoor dat het inkomen hoog genoeg is om van te leven. De gemeente helpt ook met het zoeken naar werk en het verbeteren van de financiële situatie.,Inwoners van Leiden of Leiderdorp van 18 jaar of ouder zonder voldoende inkomen of vermogen,Geen inkomen of onvoldoende inkomen om van te leven; niet in aanmerking voor andere uitkering,Gratis,online,LOC001,Ma-Vr 09:00-17:00 op afspraak,14 071,,https://gemeente.leiden.nl/inwoners-en-ondernemers/uitkering-en-inkomen/bijstandsuitkering/bijstand-en-werk-vinden/,"bijstand, uitkering, geen inkomen, laag inkomen, levensonderhoud, WWB, participatiewet, werk, inkomen, financiële hulp",DigiD vereist voor online aanvraag. Uitkering stopt wanneer inkomen toereikend is.,false,2026-03-22T22:44:41.159Z,12-03-2026
SRV002,Bijzondere bijstand,Onkosten en dagelijks leven,Regeling,"Bijzondere bijstand helpt inwoners die noodzakelijke en onverwachte kosten zelf niet kunnen betalen, zoals juridische hulp, verhuiskosten of inrichting van de woning. De bijstand is bedoeld als laatste mogelijkheid en het bedrag hangt af van inkomen, vermogen en bijzondere kosten.",Inwoners van Leiden en Leiderdorp met onverwachte noodzakelijke kosten die zij niet zelf kunnen betalen,Inkomen en vermogen onvoldoende om kosten te dragen,Gratis,online,LOC001,Ma-Vr 09:00-17:00 op afspraak,14 071,,https://gemeente.leiden.nl/inwoners-en-ondernemers/uitkering-en-inkomen/bijstandsuitkering/bijzondere-bijstand/,"bijzondere bijstand, onverwachte kosten, juridische hulp, verhuiskosten, inrichting, noodkosten, noodzakelijke kosten, laag inkomen, financiële hulp",Kosten mogen nog niet gemaakt zijn bij aanvraag. Bel 14 071 voor vragen.,false,2026-03-22T22:44:41.159Z,12-03-2026
SRV003,Individuele inkomenstoeslag,Onkosten en dagelijks leven,Regeling,"Inwoners die al minimaal vijf jaar een laag inkomen hebben kunnen één keer per jaar een geldbedrag aanvragen. Dit bedrag is in 2025 tussen € 449 en € 617, afhankelijk van de persoonlijke situatie. De toeslag is bedoeld voor mensen die weinig kans hebben hun inkomen te verhogen.",Inwoners van Leiden of Leiderdorp van 23 jaar tot AOW-leeftijd met minimaal 5 jaar laag inkomen,Inkomen maximaal 100% van de geldende bijstandsnorm gedurende minimaal 5 jaar; vermogen niet te hoog,Gratis,online,LOC001,,14 071,,https://gemeente.leiden.nl/inwoners-en-ondernemers/uitkering-en-inkomen/hulp-bij-laag-inkomen/individuele-inkomenstoeslag/,"inkomenstoeslag, langdurig laag inkomen, toeslag, jaarlijkse uitkering, armoede, bijstandsnorm, individuele toeslag","Aanvraagformulier ook per post: Afdeling Werk en Inkomen, Postbus 9102, 2300 PC Leiden. Bel 14 071 keuze 1 als u geen printer heeft.",false,2026-03-22T22:44:41.159Z,12-03-2026
SRV004,Zomerzwemabonnement,Onkosten en dagelijks leven,Regeling,Met het zomerzwemabonnement kunnen inwoners met een laag inkomen de hele zomer zwemmen in de buitenbaden van Zwembad De Zijl en Buitenbad De Vliet. Het abonnement geldt voor het hele gezin.,Inwoners van Leiden of Leiderdorp met laag inkomen en hun gezin,Laag inkomen; zie website voor precieze inkomensgrens,€15 per gezin per zomer,online,LOC001,Aanvragen tussen april en juli,14 071,,https://gemeente.leiden.nl/inwoners-en-ondernemers/uitkering-en-inkomen/hulp-bij-laag-inkomen/zwemabonnement-voor-de-zomer/,"zwemmen, zomer, abonnement, recreatie, laag inkomen, kinderen, gezin, buitenbad, De Zijl, De Vliet",Geldige legitimatie en pasfoto meenemen bij aanvragen.,false,2026-03-22T22:44:41.159Z,12-03-2026
SRV005,Leidse Laptoppers,"Onkosten en dagelijks leven, Studeren en werken",Regeling,"Jongere inwoners zonder geld voor een laptop kunnen gratis een refurbished laptop krijgen via een maatschappelijke organisatie in Leiden. De laptops zijn gecontroleerd en opgeknapt en bedoeld voor school, werk of studie.",Jongeren van 11 tot 30 jaar woonachtig in de regio Leiden zonder geld voor een laptop,Inkomen maximaal 130% van het bestaansminimum,Gratis,online,,,,,https://leidselaptoppers.nl/leidse-laptoppers-voor-jongeren/,"laptop, computer, studie, school, werk, jongeren, digitaal, refurbished, opleiding, armoede",Aanvragen kan via een maatschappelijke organisatie in Leiden of direct via het contactformulier op leidselaptoppers.nl.,false,2026-03-22T22:44:41.159Z,12-03-2026
SRV006,Menstruatieproducten Uitgiftepunten (MUP),Onkosten en dagelijks leven,Regeling,"Op Menstruatieproducten Uitgiftepunten (MUP's) kunnen inwoners gratis menstruatieproducten ophalen, zoals maandverband, tampons of menstruatiecups. Er zijn meerdere MUP's in de regio Leiden.",Alle inwoners die menstruatieproducten nodig hebben en deze niet kunnen betalen,Geen,Gratis,walkin,"LOC005, LOC006, LOC007, LOC009, LOC010, LOC011, LOC012, LOC013, LOC014, LOC015, LOC016, LOC017, LOC024",,,,https://www.armoedefonds.nl/wat-we-doen/projecten/menstruatieproducten-uitgifte-punt/,"menstruatie, tampons, maandverband, menstruatiecup, gratis producten, hygiëne, armoede, vrouwen, meisjes",Producten gratis ophalen.,false,2026-03-22T22:44:41.159Z,12-03-2026
SRV007,Regionaal Bureau Zelfstandigen (RBZ),"Onkosten en dagelijks leven, Studeren en werken",Regeling,"Het RBZ helpt zelfstandig ondernemers in Leiden en Leiderdorp met geldproblemen via de Bbz-uitkering (Besluit bijstandsverlening zelfstandigen). Ondernemers kunnen tijdelijk inkomenssuppletie of een renteloze lening krijgen om hun bedrijf op te starten, voort te zetten of te beëindigen.",Zelfstandig ondernemers (startend of gevestigd) woonachtig in Leiden of Leiderdorp met inkomen onder bijstandsniveau,Inkomen uit onderneming lager dan bijstandsniveau; geen ander inkomen hoger dan bijstandsniveau,Gratis (leningen zijn renteloos of rentedragend afhankelijk van type),phone,,Werkdagen tussen half 9 in de ochtend en 5 uur in de middag,010 433 96 00,,https://www.rotterdam.nl/financiele-ondersteuning-voor-ondernemers,"zzp, zelfstandige, ondernemer, bbz, bijstand zelfstandigen, startkapitaal, lening, inkomen ondernemer, faillissement, bedrijf","Gemeente Rotterdam regelt de RBZ voor Leiden en Leiderdorp. Bel het RBZ via 14 010. Minimaal 1225 uur per jaar (23,5 uur/week) voor eigen bedrijf vereist.",false,2026-03-22T22:44:41.159Z,12-03-2026
SRV008,Stichting Babyspullen,"Onkosten en dagelijks leven, Kinderen en opgroeien",Regeling,"Stichting Babyspullen geeft gratis babypakketten met kleding, verzorgingsproducten en beddengoed aan inwoners met een laag inkomen of geldzorgen. De aanvraag gaat via een hulpverlener. De stichting werkt samen met het Sociaal Wijkteam, de Voedselbank en verloskundigen.",Ouders of verzorgers met een laag inkomen of geldzorgen die een baby verwachten of hebben,Laag inkomen of aantoonbare geldzorgen,Gratis,referral_only,,,,info@stichtingbabyspullen.nl,https://stichtingbabyspullen.nl/hulpverleningsorganisaties,"baby, babyspullen, kleding, verzorging, beddengoed, laag inkomen, zwanger, pasgeboren, kraamperiode",Hulpverlener vraagt het pakket aan namens de inwoner. Niet rechtstreeks aanvragen.,true,2026-03-22T22:44:41.159Z,12-03-2026
SRV009,Stichting Urgente Noden Leiden (SUN),Onkosten en dagelijks leven,Regeling,"SUN Leiden helpt inwoners in acute financiële nood met giften (max. € 2.000), renteloze leningen (max. € 2.000 voor alleenstaanden of € 3.500 voor gezinnen) of supermarktbonnen. Aanvragen gaan altijd via erkende professionele hulpverleners in een noodgeval.","Inwoners van Leiden en aangrenzende gemeenten (Oegstgeest, Leiderdorp, Zoeterwoude, Voorschoten) in acute financiële nood",Inkomen wordt per geval beoordeeld samen met hulpverlener,Gratis,referral_only,,,071-5122337,aanvragen@sunleiden.nl,https://sunleiden.nl,"noodfonds, noodgeval, acute nood, lening zonder rente, gift, supermarktbon, boodschappenbon, schulden, crisis, financiële nood",Alleen via erkende professionele hulpverleners. Hulp kan zo nodig binnen 24 uur. Ma-Vr 09:00-12:00 telefonisch bereikbaar.,true,2026-03-22T22:44:41.159Z,12-03-2026
SRV010,Stichting Voedselbank Leiden,Onkosten en dagelijks leven,Ondersteuning,De Voedselbank helpt inwoners die niet genoeg geld hebben om eten te kopen. Inwoners kunnen wekelijks op een vaste dag een gratis voedselpakket ophalen bij een uitdeelpunt. Eén pakket voorziet een huishouden van 3 à 4 dagen eten.,Inwoners met inkomen dat voldoet aan de inkomenseisen van de Voedselbank,Inkomen conform actuele Voedselbank-eisen (elke 6 maanden herzien; zie website),Gratis,walkin,"LOC002, LOC003, LOC004",Woensdag en donderdag; zie website voor openingstijden per uitdeelpunt,071-2306910,klanten@voedselbankleiden.nl,https://voedselbankleiden.nl/ik-zoek-hulp/waaraan-moet-je-voldoen,"voedselbank, eten, boodschappen, voedselpakket, gratis eten, laag inkomen, honger, armoede, pakket ophalen","Meenemen bij eerste ophaalbeurt: geldig legitimatiebewijs, ingevuld aanmeldformulier, bankafschriften van de afgelopen 2 maanden (of inzage in bankapp), en 2 grote boodschappentassen of shoppers. Bij de eerste beurt ontvangen inwoners altijd een welkomstpakket.",false,2026-03-22T22:44:41.159Z,12-03-2026
SRV011,De Dierenvoedselbank,Onkosten en dagelijks leven,Regeling,De Dierenvoedselbank geeft pakketten met eten en benodigdheden voor huisdieren aan mensen met een laag inkomen of zonder vaste woning. Met één pakket kan een kat of kleine hond ongeveer een maand doen. Pakketten kunnen thuis worden bezorgd of opgehaald bij een DHL-punt.,Inwoners met een laag inkomen of zonder vaste woning die een huisdier hebben,Aantoonbaar laag inkomen (bijv. via uitkeringsspecificatie of ander inkomstenbewijs),"€12,50 per pakket",online,,,,info@nationaledierenvoedselbank.nl,https://onlinedierenvoedselbank.nl/diereigenaar-registatie,"dierenvoedsel, huisdier, kat, hond, dierenbank, laag inkomen, pakket, dierenverzorging",Aanmelden via website. Pakket wordt thuisbezorgd of opgehaald bij DHL-punt. Na aanmelding kunnen inwoners regelmatig een pakket ontvangen.,false,2026-03-22T22:44:41.159Z,12-03-2026
SRV012,Budgetcursus 'Jouw Geld de Baas',Hulp bij schulden,Ondersteuning,"De Stadsbank organiseert deze cursus voor hulp bij geldzaken. Inwoners leren een overzicht van inkomsten en uitgaven maken, en krijgen hulp met post, verzekeringen, omgaan met verleiding en boodschappen doen.","Inwoners van 18 jaar of ouder uit Leiden, Leiderdorp, Zoeterwoude of Oegstgeest",gemeente.leiden.nl/inwoners-en-ondernemers/uitkering-en-inkomen/hulp-bij-laag-inkomen/hulp-bij-geldzaken,Gratis,walkin,LOC012,4 bijeenkomsten van 2 uur,14 071,infostadsbank@leiden.nl,gemeente.leiden.nl/inwoners-en-ondernemers/uitkering-en-inkomen/hulp-bij-laag-inkomen/bijzondere-bijstand,budget; cursus; geldzaken; administratie; Stadsbank,De cursus wordt gegeven in het Nederlands op het Stadskantoor.,false,2026-03-22T22:44:41.159Z,2026-03-10
SRV013,BuZz,"Onkosten en dagelijks leven,Kinderen en opgroeien , Gezondheid en zorg",Ondersteuning,"BuZz helpt inwoners die moeite hebben met rondkomen of geldproblemen hebben. Naast financiële hulp kunnen inwoners ook meedoen aan activiteiten zoals samen bewegen, gezond eten, taal leren en hulp bij telefoongebruik. Inwoners kunnen zich aanmelden voor persoonlijke begeleiding en groepsactiviteiten zoals workshops en cursussen.",Alle inwoners van Leiden met financiële zorgen of moeite met dagelijks leven,Geen,Gratis,"walkin, appointment","LOC016, LOC034, LOC09, LOC024",,06-57370433,contact@buzzleiden.nl,https://buzzleiden.nl/contact,"geld, rondkomen, schulden, inkomsten, bewegen, eten, taal, telefoon, dagelijks leven, workshop, cursus, armoede, financiële hulp, buurt",,false,2026-03-22T22:44:41.159Z,17-03-2026
SRV014,De Leidse Rechtswinkel,Onkosten en dagelijks leven,Ondersteuning,"De Leidse Rechtswinkel biedt gratis juridisch advies aan alle inwoners, ongeacht inkomen. Vrijwilligers helpen met vragen over werk, belasting, scheiding of conflicten met bedrijven. Hulp wordt alleen op afspraak verleend; advies via telefoon of e-mail is niet mogelijk.",Alle inwoners van Leiden,Geen,Gratis,appointment,LOC038,,071-5141516,,https://leidserechtswinkel.nl,"juridisch, recht, advies, werk, belasting, scheiding, bedrijf, conflict, gratis, rechtshulp, juridische vragen",Geen advies per telefoon of e-mail. Afspraak maken via telefoon of aan de balie op Langegracht 61.,false,2026-03-22T22:44:41.159Z,17-03-2026
SRV015,Diaconaal Centrum De Bakkerij,Onkosten en dagelijks leven,Ondersteuning,"De Bakkerij helpt inwoners rond de armoedegrens met praktische dagelijkse hulp. Dit omvat gratis warme maaltijden (Broodmunt), Mondzorg bij pijn voor inwoners die niet (goed) verzekerd zijn: inwoners worden doorverwezen naar de spoedtandarts, gratis menstruatieproducten, gratis luiers en een gratis zeilweek in de zomer voor kinderen van 8 tot 17 jaar. Mensen die behoefte hebben aan een gesprek zijn ook welkom.",Inwoners met inkomen rond de armoedegrens en gezinnen met kleine kinderen,Inkomen rond de armoedegrens,Gratis,walkin,LOC012,Mondzorg: ma-zo 09:00-15:00; Menstruatieproducten: ma-zo 09:00-16:30; Luierbank: ma-zo 09:00-16:30,071-5144965,info@debakkerijleiden.nl,https://debakkerijleiden.nl,"maaltijd, broodmunt, tandarts, mondzorg, menstruatie, luiers, luierbank, kinderen, zeilweek, armoede, armoedegrens, gratis, voedsel, praktische hulp",Samenwerking tussen Protestantse Diaconie Leiden en de Rooms-Katholieke Parochie. Zeilweek is voor kinderen van 8-17 jaar.,false,2026-03-22T22:44:41.159Z,17-03-2026
SRV016,Dress for Success,"Onkosten en dagelijks leven, Studeren en werken",Ondersteuning,"Dress for Success helpt werkzoekenden met gratis kledingadvies en nette kleding om een goede eerste indruk te maken bij sollicitaties. Ook deelnemers aan participatietrajecten, vrijwilligerswerk en stagiaires kunnen hier terecht. Bij aanname kan een tweede outfit worden meegegeven.",Inwoners van 16 jaar of ouder die werk zoeken of een participatietraject volgen,Geen,Gratis,appointment,LOC027,,06-14232372,shop.leiden@dressforsuccess.nl,https://dressforsuccess.nl/leiden,"kleding, sollicitatie, werk, werkzoekend, participatie, vrijwilliger, stage, outfit, zelfvertrouwen, eerste indruk, gratis kleding",Afspraak kan worden ingepland door medewerker van gemeente of reïntegratiebedrijf. Inwoner kan ook zelf een afspraak maken via de website.,false,2026-03-22T22:44:41.159Z,17-03-2026
SRV017,Een Goede Buur Spreekuur,Onkosten en dagelijks leven,Ondersteuning,"Een Goede Buur helpt inwoners met vragen over geld of het vinden van werk via laagdrempelige spreekuren in de wijk. Inwoners worden geholpen door vrijwilligers, buurtcoaches en studenten. Aanmelden is niet nodig; als de vraag niet beantwoord kan worden, wordt doorverwezen naar de juiste plek.",Alle inwoners van Leiden,Geen,Gratis,walkin,"LOC007,LOC016,LOC21, LOC024, LOC26, LOC25","Ma 09:00-11:00, Di 09:00-11:00, Do 13:00-15:00",06-21427637,,https://incluzioleiden.nl/een-goede-buur,"geld, werk, buurt, spreekuur, vragen, vrijwilliger, buurtcoach, doorverwijzing, geen aanmelding, inloop",Locaties van Huizen van de Buurt via incluzioleiden.nl/huizen-van-de-buurt. Bereikbaar per telefoon/WhatsApp tijdens spreekuururen.,false,2026-03-22T22:44:41.159Z,17-03-2026
SRV018,HipHelpt,"Onkosten en dagelijks leven, Wonen en energie besparen",Ondersteuning,"HipHelpt regelt vrijwilligers die bij inwoners thuis komen voor kleine klusjes in en om het huis, zoals een lamp vervangen, een kast monteren of een heg snoeien. De hulp is bedoeld voor mensen zonder netwerk en zonder geld om iemand in te huren. Alleen kleine en noodzakelijke klusjes komen in aanmerking.",Inwoners van Leiden of Oegstgeest zonder netwerk of financiële middelen voor huishoudelijke klusjes,Geen geld om iemand in te huren,Gratis,home_visit,,,,info@voorelkaarleiden.nl,https://voorelkaarleiden.nl/hiphelpt,"klusjes, huis, vrijwilliger, lamp, kast, heg, tuin, kleine klussen, praktische hulp, thuis, geen netwerk",Alleen voor kleine klusjes die niet lang duren. Hulp is beschikbaar voor inwoners in Leiden en Oegstgeest.,false,2026-03-22T22:44:41.159Z,17-03-2026
SRV019,Juridisch Loket,Onkosten en dagelijks leven,Ondersteuning,"Het Juridisch Loket geeft gratis en anoniem juridisch advies aan mensen met een laag inkomen. Juristen helpen met vragen over wonen, werk, familie en schulden. Inwoners kunnen bellen of langsgaan bij het inloopspreekuur; voor uitgebreide hulp kan een inkomens- en vermogensgrens gelden.",Inwoners van Leiden met een laag inkomen en juridische vragen,Laag inkomen (bij uitgebreide hulp gelden inkomens- en vermogensgrenzen),Gratis,"walkin, phone",LOC037,"Ma 10:00-12:00, Di 13:00-15:00, Do 13:00-15:00",0800-8020,,https://juridischloket.nl,"juridisch, recht, advies, wonen, werk, familie, schulden, gratis, anoniem, laag inkomen, inloopspreekuur, juridische hulp",Gratis en anoniem. Bij uitgebreide hulp kunnen inkomens- en vermogensgrenzen van toepassing zijn.,false,2026-03-22T22:44:41.159Z,17-03-2026
SRV020,Leids Steunloket Migranten (LSM),Onkosten en dagelijks leven,Ondersteuning,"Het LSM biedt gratis juridisch advies, begeleiding en culturele vertalingen aan migranten in Leiden en omgeving. Daarnaast organiseert het LSM sociale activiteiten zoals een eetcafé en sociale catering met internationale gerechten, en ontmoetingen tussen verschillende culturen.",Migranten in Leiden en omgeving,Geen,Gratis,"walkin, appointment, phone",LOC020,,071-8330102,info@leidssteunloket.nl,https://leidssteunloket.nl,"migranten, juridisch, advies, integratie, cultureel, vertaling, eetcafé, internationale gemeenschap, administratie, verblijf, vluchtelingen, nieuwkomers",Ook bereikbaar via 06-85887463. Geen voorwaarden; iedereen die hulp nodig heeft is welkom.,false,2026-03-22T22:44:41.159Z,17-03-2026
SRV021,SHout!,"Onkosten en dagelijks leven,Studeren en werken, Hulp bij schulden",Ondersteuning,"SHout! helpt jongeren tot 30 jaar met vragen over geld, zoals een bijbaan, schulden, toeslagen en toekomstplannen. Vragen kunnen anoniem worden gesteld via de chat op de website of telefonisch. Jongeren zonder laptop kunnen zich aanmelden voor het laptopproject.",Jongeren van 30 jaar of jonger in Leiden,Geen,Gratis,"online, phone, appointment",,Ma-We 11:30-14:00,06-43564291,info@shoutleiden.nl,https://shoutleiden.nl,"jongeren, geld, schulden, bijbaan, toeslagen, toekomst, laptop, anoniem, chat, financiële vragen, jongvolwassenen",Vragen kunnen anoniem worden gesteld via chat of telefoon. Ook afspraken mogelijk op kantoor of andere locaties.,false,2026-03-22T22:44:41.159Z,17-03-2026
SRV022,Sociaal Wijkteam – geldzorgen,"Onkosten en dagelijks leven,Kinderen en opgroeien,Gezondheid en zorg, Wonen en energie besparen,",Ondersteuning,Het Sociaal Wijkteam (SWT) helpt inwoners van 18 jaar en ouder met geldzorgen of schulden. Een medewerker luistert en maakt samen met de inwoner een plan om problemen op te lossen. Het SWT helpt ook als iemand een briefadres nodig heeft of de post niet durft te openen.,Inwoners van Leiden van 18 jaar of ouder met geldzorgen of schulden,Geen,Gratis,"phone, online",,Ma-Vr 09:00-17:00,071-5167877,,https://sociaalwijkteamleiden.nl,"geld, schulden, geldzorgen, briefadres, post, financiële problemen, hulp, plan, sociaal wijkteam, SWT",,false,2026-03-22T22:44:41.159Z,17-03-2026
SRV023,SOL,Kinderen en opgroeien,Ondersteuning,"Helpt inwoners met geldzaken, gezondheid en meedoen aan de maatschappij. Ze helpen o.a. met het aanvragen van vergoedingen en geven workshops over geldzaken.","Jongeren (tot 27 jaar) of inwoners met kinderen, wonend in Leiden",Laag inkomen of geldzorgen,###,"walkin, phone, online",,,06 - 38 32 29 88,leiden@solnetwerk.nl,solnetwerk.nl/onze-locaties/leiden/team-leiden,jongeren; kinderen; geldzaken; gezondheid; meedoen; vergoedingen; SOL; workshops,"Op de website staan de contactgegevens van specifieke SOL-medewerkers per wijk (Merenwijk, Noord, Roodenburg, Mors, Zuid West, Stevenshof).",false,2026-03-22T22:44:41.159Z,2026-03-16
SRV024,Informatiepunt Digitale Overheid (IDO),Onkosten en dagelijks leven,Ondersteuning,"Het IDO helpt inwoners die moeite hebben met digitale overheidsdiensten. Vrijwilligers helpen bij zaken zoals een DigiD aanvragen, belastingaangifte doen of een rijbewijs verlengen. Inwoners kunnen langsgaan bij een BplusC bibliotheek of zich aanmelden voor een digitaal spreekuur.",Alle inwoners die moeite hebben met digitale overheidszaken,Geen,Gratis,"walkin, appointment",,,,klantenservice@bplusc.nl,https://bplusc.nl/taalhuis/digitaal/informatiepunt-digitale-overheid.html,"DigiD, belasting, rijbewijs, digitaal, overheid, computer, internet, online, cursus, hulp, bibliotheek, BplusC, spreekuur",BplusC organiseert ook cursussen over omgaan met overheidswebsites. Aanmelden voor digitaal spreekuur mogelijk via bibliotheek.,false,2026-03-22T22:44:41.159Z,17-03-2026
SRV025,"Stichting Present Leiden,]","Onkosten en dagelijks leven,Wonen en energie besparen",Ondersteuning,"Stichting Present stuurt groepen vrijwilligers naar inwoners voor praktische klusjes zoals schilderen, schoonmaken, tuinonderhoud, behangen of een vloer leggen. Ook organiseert de stichting sociale activiteiten zoals het programma Student Schuift Aan. Aanmelden moet via een hulpverlener, coach, Sociaal Wijkteam of huisarts.",Inwoners zonder netwerk en zonder middelen om hulp in te huren,Geen geld om iemand in te huren; geen ondersteunend netwerk aanwezig,Gratis (inwoner betaalt zelf materialen),referral_only,,,,info@presentleiden.nl,https://stichtingpresent.nl/leiden/voor-hulpverleners/aanmelden,"klusjes, schilderen, schoonmaken, tuin, vloer, behangen, vrijwilliger, praktische hulp, Student Schuift Aan, eten, sociaal",Inwoner betaalt zelf materialen (verf,true,2026-03-22T22:44:41.159Z,17-03-2026
SRV031,Baby Groente Tas,"Kinderen en opgroeien, Gezondheid en zorg",Regeling,De Baby Groente Tas is een gratis tas met verse groenten en recepten voor baby's van 4 tot 12 maanden. Ouders krijgen wekelijks genoeg groente voor meerdere babymaaltijden thuisbezorgd.,Ouders met een eerste kind van 4 tot 12 maanden,Geen inkomenseis,Gratis,online,,Maximaal 8 weken wekelijks geleverd aan huis,,info@babygroentetas.nl,https://www.babygroentetas.nl/,"baby, groente, eten, gezonde voeding, eerste kind, gratis tas, babymaaltijden",Alleen voor eerste kind.,false,2026-03-22T22:44:41.159Z,03-11-2026
SRV032,Bijzondere Bijstand Babypakket,Kinderen en opgroeien,Regeling,Inwoners met een kind op komst kunnen via de bijzondere bijstand een babypakket aanvragen met noodzakelijke spullen zoals babykleding en verzorgingsproducten.,Zwangere inwoners vanaf 28 weken zwangerschap (eerste kind),"Laag inkomen, volgens gemeentelijke inkomens- en vermogensgrenzen",Gratis,online,,Volgens openingstijden gemeente Leiden,14 071,,https://gemeente.leiden.nl/inwoners-en-ondernemers/uitkering-en-inkomen/bijstandsuitkering/bijzondere-bijstand,"baby, babypakket, bijzondere bijstand, zwangerschap, laag inkomen, babyspullen",Aanvraag loopt via bijzondere bijstand.,false,2026-03-22T22:44:41.159Z,03-11-2026
SRV033,Bijzondere bijstand eigen bijdrage kinderopvang,Kinderen en opgroeien,Regeling,Deze regeling helpt ouders met een laag inkomen bij het betalen van de eigen bijdrage voor kinderopvang die overblijft na de kinderopvangtoeslag.,Ouders met kinderen in de kinderopvang in Leiden of Leiderdorp,Laag inkomen; onvoldoende middelen om eigen bijdrage te betalen; kosten moeten onverwacht en noodzakelijk zijn en niet anderszins vergoed kunnen worden,Gratis,online,,Telefonische vragen tijdens kantoortijden,14 071,,https://gemeente.leiden.nl/inwoners-en-ondernemers/uitkering-en-inkomen/bijstandsuitkering/bijzondere-bijstand,"kinderopvang, eigen bijdrage, bijzondere bijstand, ouders, laag inkomen, toeslag",Alleen voor onvoorziene en noodzakelijke kosten.,false,2026-03-22T22:44:41.159Z,03-11-2026
SRV034,Dubbele kinderbijslag thuiswonend kind met intensieve zorg,"Kinderen en opgroeien, Gezondheid en zorg",Regeling,Ouders van een thuiswonend kind dat intensieve zorg nodig heeft kunnen dubbele kinderbijslag krijgen als tegemoetkoming in de extra zorgkosten.,Ouders van kinderen van 3 tot 18 jaar met een Wlz-indicatie of vergelijkbaar zorgadvies,Geen inkomenseis,Gratis,online,,Doorlopend; uitbetaling per kwartaal,088 949 40 20,,https://svb.nl/nl/kinderbijslag/dubbele-kinderbijslag/dubbele-kinderbijslag-thuiswonend-kind-intensieve-zorg,"kinderbijslag, dubbele kinderbijslag, intensieve zorg, Wlz, thuiswonend kind",Kind moet minimaal 4 nachten per week thuis wonen.,false,2026-03-22T22:44:41.159Z,03-11-2026
SRV035,Jeugdfonds Sport en Cultuur,Kinderen en opgroeien,Regeling,Het Jeugdfonds Sport en Cultuur betaalt contributie of lesgeld voor sport- en cultuuractiviteiten voor kinderen uit gezinnen met een laag inkomen.,Kinderen en jongeren uit gezinnen met een laag inkomen,Gezinsinkomen maximaal 140% van het sociaal minimum,Gratis,referral_only,,Aanvragen via een meerkracht gedurende het hele jaar,0174-244940,zuid-holland@jeugdfondssportencultuur.nl,https://jeugdfondssportencultuur.nl/fondsen/zuid-holland,"jeugdfonds, sport, cultuur, contributie, lesgeld, laag inkomen, kinderen, zwemles",Aanvraag alleen via een meerkracht. Zwemles telt als sport.,true,2026-03-22T22:44:41.159Z,03-11-2026
SRV036,Kinderbijslag,Kinderen en opgroeien,Regeling,Kinderbijslag is een landelijke regeling waarbij ouders een bijdrage krijgen in de kosten voor de opvoeding en verzorging van kinderen onder de 18 jaar.,Ouders of verzorgers van kinderen tot 18 jaar,Geen inkomenseis,Gratis,online,,Doorlopend; uitbetaling per kwartaal,088 949 40 20,,https://svb.nl/nl/kinderbijslag/hoe-vraagt-u-kinderbijslag-aan/kinderbijslag-aanvragen,"kinderbijslag, opvoeding, verzorging, ouders, kinderen, tegemoetkoming",Aanvragen bij SVB.,false,2026-03-22T22:44:41.159Z,03-11-2026
SRV037,Kinderopvangtoeslag,Kinderen en opgroeien,Regeling,Kinderopvangtoeslag is een tegemoetkoming van de Belastingdienst voor ouders in de kosten van formele kinderopvang.,Ouders die gebruikmaken van geregistreerde kinderopvang,"Hoogte toeslag afhankelijk van inkomen, aantal kinderen en soort opvang",Gratis,online,,Doorlopend; aanvraag binnen 3 maanden na start opvang,0800-0543,,https://www.belastingdienst.nl/wps/wcm/connect/nl/toeslagen/content/inloggen-op-mijn-toeslagen,"kinderopvang, toeslag, Belastingdienst, opvangkosten, ouders, LRK",Alleen voor geregistreerde opvang met schriftelijke overeenkomst. Volledig online aanvragen via Mijn Toeslagen.,false,2026-03-22T22:44:41.159Z,03-11-2026
SRV038,Kindgebonden budget,Kinderen en opgroeien,Regeling,Het kindgebonden budget is een inkomensafhankelijke toeslag als extra bijdrage in de kosten van kinderen tot 18 jaar.,Ouders die kinderbijslag ontvangen en een niet te hoog inkomen en vermogen hebben,Inkomen en vermogen niet boven de actuele grenzen van de Belastingdienst,Gratis,online,,Doorlopend,0800-0543,,https://www.belastingdienst.nl/wps/wcm/connect/nl/toeslagen/content/inloggen-op-mijn-toeslagen,"kindgebonden budget, toeslag, kinderen, inkomen, Belastingdienst","Hoogte afhankelijk van inkomen, aantal en leeftijd kinderen. Volledig online aanvragen via Mijn Toeslagen.",false,2026-03-22T22:44:41.159Z,03-11-2026
SRV039,Nationaal Fonds Kinderhulp,Kinderen en opgroeien,Regeling,"Het Nationaal Fonds Kinderhulp biedt financiële ondersteuning en spullen voor kinderen en jongeren die in armoede opgroeien, via projecten zoals Geef ze warmte, Actie Pepernoot en Actie Zomerpret.",Kinderen en jongeren die in armoede opgroeien,Alleen via aanvraag door een tussenpersoon die de financiële situatie kent,Gratis,referral_only,,Aanvragen via zorgverlener of maatschappelijk werker,0570-611899,aanvragen@kinderhulp.nl,https://aanvragen.kinderhulp.nl/aanmelden/,"kinderhulp, armoede, kinderen, jongeren, spullen, sinterklaas, zomerpret, schoolspullen",Aanvraag alleen door tussenpersonen zoals zorgverleners of maatschappelijk werkers.,true,2026-03-22T22:44:41.159Z,03-11-2026
SRV040,Kinderopvang bij sociaal medische indicatie (SMI),"Kinderen en opgroeien, Gezondheid en zorg",Regeling,Met een sociaal medische indicatie kunnen ouders die tijdelijk niet zelf voor hun kinderen kunnen zorgen een vergoeding krijgen voor kinderopvang tot maximaal drie dagen per week.,"Ouders in Leiden of Leiderdorp met kinderen jonger dan 12 jaar en sociale, mentale of lichamelijke problemen",Geen kinderopvangtoeslag of andere opvangvergoeding; verdere beoordeling door gemeente,Afhankelijk van eigen bijdrage na vergoeding,online,,Aanvraag per post of via website; beoordeling op basis van medisch advies,14 071,,https://gemeente.leiden.nl/inwoners-en-ondernemers/zorg-en-onderwijs/kinderopvang/kinderopvang-bij-sociale-of-medische-problemen/,"SMI, kinderopvang, sociaal medisch, indicatie, ouders, problemen, opvangkosten",Onafhankelijk medisch advies en plan van aanpak nodig.,true,2026-03-22T22:44:41.159Z,03-11-2026
SRV041,Stichting Leergeld,Kinderen en opgroeien,Regeling,"Stichting Leergeld betaalt mee aan sport, cultuur, schoolspullen en zwemlessen voor kinderen uit gezinnen met een laag inkomen.","Inwoners met kinderen van 4 tot 18 jaar, of ouder dan 18 op de middelbare school",Inkomen niet hoger dan 130% van het sociaal minimum,Gratis,online,,Aanvragen het hele jaar mogelijk via aanmeldformulier,071 207 4118,info@leergeldleidenenomstreken.nl,https://leergeldleidenenomstreken.nl/direct-aanmelden,"leergeld, sport, cultuur, school, laptop, zwemles, kinderen, laag inkomen",Actuele inkomensgrenzen via gemeente Leiden.,false,2026-03-22T22:44:41.159Z,03-11-2026
SRV042,Zwemlessen via Jeugdfonds Sport en Cultuur,Kinderen en opgroeien,Regeling,Het Jeugdfonds Sport en Cultuur vergoedt de kosten van zwemlessen voor kinderen uit gezinnen met een laag inkomen zodat zij hun zwemdiploma kunnen halen.,Kinderen uit gezinnen met een laag inkomen die zwemles willen volgen,Gezinsinkomen maximaal 140% van het sociaal minimum,Gratis,referral_only,,Aanvraag via meerkracht; doorlopend mogelijk,0174-244940,zuid-holland@jeugdfondssportencultuur.nl,https://jeugdfondssportencultuur.nl/fondsen/zuid-holland,"zwemles, zwemdiploma, jeugdfonds, sport, kinderen, laag inkomen",Zwemles telt als sport binnen Jeugdfonds. Aanvraag alleen via meerkracht.,true,2026-03-22T22:44:41.159Z,03-11-2026
SRVO57,Collectieve aanvullende zorgverzekering,Gezondheid en zorg,Regeling,"Een collectieve aanvullende zorgverzekering voor inwoners met een laag inkomen waarbij de gemeente korting geeft op de premie en keuze biedt uit drie pakketten (Basic, Standard en Top) via Zorg en Zekerheid.",Alle inwoners,Inkomen niet hoger dan 120% van het sociaal minimum,"Voor Basic €156,75, voor Standard €177.87 en voor top €197.91, alles per maand.",online,,,,,https://www.gezondverzekerd.nl/gemeente/leiden/zorgverzekeringen#/pakketten,"zorgverzekering, gemeentepolis, zorgverzekering korting,  zorg en zekerheid verzekering, goedkope zorgverzekering, gemeentelijke zorgverzekering, zorgkosten ondersteuning, zorgkosten, zorgpremie betalen, medische kosten, gezondheid",,false,2026-03-22T22:44:41.159Z,16-03-2026
SRV060,Volwassenenfonds Sport & Cultuur,Gezondheid en zorg,Regeling,"Volwassenenfonds Sport & Cultuur betaalt (maximaal €250 per jaar) sport- en cultuuractiviteiten voor volwassenen van 18 jaar of ouder met een laag inkomen, zoals zwemles, muziekles, fitness, voetbal, theater of dans.",Inwoners van 18 jaar of ouder met een laag inkomen.,Inkomen niet hoger dan 120% van het sociaal minimum,Gratis,referral_only,,Ma-Wo 09:00-12:00 en Wo 13:00-16:00,0174 - 24 49 40,zuid-holland@volwassenenfonds.nl,https://www.volwassenenfonds.nl/deelnemers/Leiden/,"volwassenenfonds, sportfonds, cultuurfonds, cultuur, sports, buurtsportcoach",,true,2026-03-22T22:44:41.159Z,16-03-2026
SRV061,Zorgtoeslag,Gezondheid en zorg,Regeling,Inwoners met een laag inkomen kunnen een maandelijkse vergoeding van de overheid ontvangen om (een deel van) hun zorgverzekeringspremie te betalen.,Inwoners van 18 jaar of ouder die een Nederlandse zorgverzekering hebben en een laag inkomen hebben.,In 2025 moet het bruto jaarinkomen lager zijn dan €39.719 (€50.206 met toeslagenpartner) en het vermogen lager dan €141.896 (€179.429 met toeslagenpartner).,Gratis,online,,,,,https://www.belastingdienst.nl/wps/wcm/connect/nl/toeslagen/content/inloggen-op-mijn-toeslagen,"zorgpremie subsidie, tegemoetkoming zorgverzekering, hulp bij zorgkosten, zorgkorting, bijdrage ziektekostenverzekering, zorg","De fysieke locaties zijn extern, bieden gratis diensten aan en daarom verzoeken wij u de openingstijden per locatie te controleren.",false,2026-03-22T22:44:41.159Z,16-03-26
SRV062,Wmo,Gezondheid en zorg,Regeling,"Ouderen en mensen met een beperking kunnen bij de gemeente hulp aanvragen. Het kan gaan om hulp bij het schoonmaken, aanpassingen in huis of vervoer. Deze hulp helpt hen om zo lang mogelijk zelfstandig thuis te blijven wonen als zij dit zelf niet kunnen betalen.",Ouderen en mensen met een beperking die deze hulp niet zelf kunnen regelen of betalen.,Geen,€21,"online, phone",,Ma-Vr0 9:00-17:00,071 - 51 67 877,,https://gemeente.leiden.nl/inwoners-en-ondernemers/zorg-en-onderwijs/zorg/wet-maatschappelijke-ondersteuning-wmo/,"thuiszorg aanvragen, hulp thuis, rolstoel, scootmobiel, huishoudelijke hulp, zorg voor thuis, huizorg, ouderen,schoonmaken,aanpassingen aan het huis,vervoe",,false,2026-03-22T22:44:41.159Z,16-03-26
SRV065,GGD Hollands Midden,Gezondheid en zorg,Regeling,"De GGD biedt preventieve gezondheidszorg zoals vaccinaties, gezondheidscontroles en voorlichting om te voorkomen dat mensen ziek worden.",Alle inwoners,Geen,Gratis,walkin,LOC31,Ma-Vr 08:30-17:00,088 - 308 30 00,info@ggdhm.nl,http://ggdhm.nl/,"vaccinatie afspraak, gezondheidscheck, prik halen, infectieziekten, jeugdgezondheidszorg, vaccinatie, ziekten, ziekte",,false,2026-03-22T22:44:41.159Z,16-03-26
SRV087,Geen gemeentebelasting betalen (kwijtschelding),Wonen en energie besparen,Regeling,Inwoners met een laag inkomen kunnen een aanvraag doen om gemeentelijke belastingen zoals afvalstoffenheffing of rioolheffing niet te hoeven betalen.,Alle inwoners,Inkomen niet hoger dan 100% van het sociaal minimum.,Gratis,online,,,071 – 525 6200,,https://digitalebalie.bsgr.nl/digid.info.php,"geen belasting betalen, kwijtschelding aanvragen, afvalstoffenheffing kwijtschelding, gemeentebelasting verminderen, schulden gemeentem, kwijtschelding, afvalstoffenheffing",,false,2026-03-22T22:44:41.159Z,16-03-26
SRV088,Huurtoeslag,Wonen en energie besparen,Regeling,"Huurders van 18 jaar of ouder met een zelfstandige woonruimte en een huurovereenkomst kunnen een maandelijkse bijdrage van de overheid krijgen om (een deel van) hun huur te betalen, als hun huurprijs niet hoger is dan €900,07 (€477,20 voor bewoners jonger dan 23 jaar zonder kinderen) en hun inkomen en vermogen niet te hoog zijn.",Inwoners van 18 jaar of ouder met een zelfstandige woonruimte en huurovereenkomst,Vermogen niet hoger dan €38.479 per inwoner (€76.958 voor partners); vermogen van kinderen onder 18 jaar telt mee.,Gratis,online,,,,,http://belastingdienst.nl/wps/wcm/connect/nl/toeslagen/content/inloggen-op-mijn-toeslagen,"huursubsidie, huurkorting aanvragen, tegemoetkoming huur, huurhulp, bijdrage huurkosten, huur, thuis",Controleer of u voor deze toeslag in aanmerking komt op: https://www.belastingdienst.nl/wps/wcm/connect/nl/huurtoeslag/content/kan-ik-huurtoeslag-krijgen,false,2026-03-22T22:44:41.159Z,16-03-26
SRV089,De Energiefixers,Wonen en energie besparen,Ondersteuning,"Energiefixers komen gratis langs bij huurders met een slecht geïsoleerde woning om kleine energiebesparende maatregelen te installeren, tips te geven over energie besparen en isolatie, en problemen zoals schimmel of reparaties te signaleren aan de verhuurder","Inwoners met een huurhuis met energielabel D, E, F of G.",Geen,Gratis,"appointment, home_visit",,Ma-Vr 09:00-17:00,06-40 22 80 67,info@energiefixers071.nl,http://energiefixers071.nl/,"gratis energiebesparing thuis, huis isoleren huurder, tochtstrips gratis, ledlampen gratis, energiehulp aan huis,isoleren, energiebesparing, energilabel",,false,2026-03-22T22:44:41.159Z,16-03-26
SRV090,Energicoach,Wonen en energie besparen,Ondersteuning,"Vrijwillige energiecoaches helpen inwoners gratis met tips en advies om thuis energie te besparen, bijvoorbeeld over energiekosten, subsidies en maatregelen zoals isolatie.",Huurders of inwoners met een koophuis,Geen,Gratis,"appointment, home_visit",LOC036,Ma-Vr 09:00-17:00,,info@energiekleiden.nl,http://energiekleiden.nl/energiecoaches,"gratis advies energiebesparing, coach energierekening verlagen, hulp bij isolatie, subsidies verduurzaming, energieadvies aan huis, verduurzaming, energie, isolatie",,false,2026-03-22T22:44:41.159Z,16-03-26
SRV091,Her Huurteam,Wonen en energie besparen,Ondersteuning,"Het Huurteam helpt huurders gratis met vragen over hun huurprijs, servicekosten, onderhoud of het energiezuiniger maken van hun woning.",Inwoners die wonen in een huurhuis,Geen,Gratis,"home_visit, appointment",,Ma-Vr 09:00-17:00,085 - 27 34 933,info@huurteamleiden.nl,https://huurteamleiden.nl/,"huurprijs te hoog, servicekosten controleren, geschil met verhuurder, huuradvies, onderhoud woning afdwingen, huurprijs, servicekosten, huurproblemen, onderhound, energiebesparing, gebreken",,false,2026-03-22T22:44:41.159Z,16-03-26
SRV095,Energiecontracten via Gezondverzekerd,Wonen en energie besparen,Ondersteuning,"Via Gezondverzekerd.nl kunnen inwoners energieleveranciers vergelijken en een goedkoper energiecontract afsluiten, ook als ze eerder betalingsproblemen hadden.",Alle inwoners,Geen,Gratis,online,,Ma-Vr 09:00-17:00,085 - 30 35 389,,https://www.gezondverzekerd.nl/zorgverzekeringen,"goedkoopste energieleverancier, energiecontract vergelijken, overstappen energie, lagere energierekening, nieuw energiecontract afsluiten, energie, energiecontract",,false,2026-03-22T22:44:41.159Z,16-03-26
SRV096,Regionaal Energieloket,Wonen en energie besparen,Informatie,Het Regionaal Energieloket biedt een overzicht van alle beschikbare subsidies en leningen voor het verduurzamen van je woning.,Alle inwoners,Geen,Gratis,online,,Ma-Vr 09:00-17:00,088 - 52 54 110,vragen@regionaalenergieloket.nl,https://regionaalenergieloket.nl/leiden/subsidies-en-leningen,"subsidie zonnepanelen, lening isolatie, warmtepomp subsidie, duurzaam huis financieren, energiesubsidie aanvragen, subsidie, lening, belastingvoordeel, verduurzamen, verduur",,false,2026-03-22T22:44:41.159Z,16-03-26
SRV074,De Stadsbank,Hulp bij schulden,Ondersteuning,Hulp en advies bij beginnende of problematische schulden.,Inwoners met schulden,Geen,Gratis,"walkin, phone",LOC018,Onbekend,14 071,infostadsbank@leiden.nl,www.leiden.nl/stadsbank,schulden; lening,,false,2026-03-22T22:44:41.159Z,2026-03-11
SRV075,Humanitas Thuisadministratie,Hulp bij schulden,Ondersteuning,Vrijwilligers helpen met het op orde brengen van de administratie.,Inwoners met administratieve achterstanden,Geen,Gratis,home_visit,LOC019,,06 - 82 01 28 69,thuisadministratie@humanitas.nl,www.humanitas.nl/leiden,administratie; post,,false,2026-03-22T22:44:41.159Z,2026-03-11
SRV076,Spreekuur Papier en Geld / Stichting Voor Elkaar Leiden,Hulp bij schulden,Ondersteuning,"Loop binnen voor: hulp bij het aanvragen van toeslagen, kwijtschelding belasting, post die u niet goed begrijpt of wanneer u financiële zorgen heeft.","Inwoners van Leiden, Leiderdorp, Oegstgeest en Voorschoten",Geen,Gratis,walkin,"LOC012,LOC021,LOC022,LOC023,LOC024,LOC025,LOC026,LOC028,LOC029",Dinsdag 09:00-11:00 (Vogelvlucht); Woensdag 09:30-12:00 (Dwars); Donderdag 13:00-15:00 (Het Gebouw & Morschwijck); 1e & 3e dinsdag 09:00-11:00 (de Stadskamer); 2e & laatste dinsdag 10:00-12:00 (Matilo); 2e & laatste vrijdag 10:00-12:00 (Ons Eiland); Dinsdag 14:00-16:00 (Bibliotheek Oegstgeest); Vrijdag 13:30-14:30 (Bibliotheek Voorschoten),,info@voorelkaarleiden.nl,www.schuldhulpmaatje.nl,toeslagen; belasting; DigiD; noodfonds energie; post; financiële zorgen,Let op: voor Oegstgeest eerst aanmelden bij de balie van de bibliotheek. Voor Voorschoten eerst een afspraak maken bij de balie.,false,2026-03-22T22:44:41.159Z,2026-03-10
SRV026,Bereken Uw Recht,Hulp bij schulden,Informatie,Online tool om te zien op welke regelingen u recht heeft.,Inwoners met een laag inkomen,Geen,Gratis,online,,,,,Niet‑werkende link,,,false,2026-03-22T22:44:41.159Z,2026-03-11
SRV027,Geldfit,Hulp bij schulden,Informatie,"Dé plek voor vragen en zorgen over geld. Biedt persoonlijk advies, de Potjes-check en de Geldfit-test om te helpen bij toeslagen, regelingen en het oplossen van schulden.",Iedereen (speciale informatie voor ondernemers en jongeren),Geen,Gratis,"online, phone",,"Ma-vrij 09:00-21:00 (bellen/chat). Appen, mailen en website 24/7.",0800-8115,,www.geldfit.nl,test; financien; potjes-check; toeslagen; geldzorgen; ondernemers; jongeren,Anoniem contact is mogelijk. Biedt onafhankelijke hulp via Stichting NSR. Informatie ook beschikbaar in meerdere talen.,false,2026-03-22T22:44:41.159Z,2026-03-16
SRV030,Startpunt Geldzaken,Hulp bij schulden,Informatie,"Startpunt Geldzaken helpt inwoners met het beheren van hun geld via anonieme, persoonlijke geldplannen die passen bij hun situatie (bijv. rondkomen met kinderen, werkloosheid, pensioen, sparen).",Inwoners van Leiden,Geen,Gratis,online,,24/7,,,www.startpuntgeldzaken.nl/leiden,geldplan; stappenplan; geldzaken; NIBUD; sparen; budgetteren; werkloosheid,Ontwikkeld i.s.m. het Nibud. De online tool kan volledig anoniem worden gebruikt.,false,2026-03-22T22:44:41.159Z,2026-03-16
SRV028,Marengo Dierenartsapp,Onkosten en dagelijks leven,Informatie,"Via deze app kunnen inwoners met een huisdier gratis praten met ervaren dierenartsen voor advies, de medische geschiedenis bijhouden en herinneringen instellen voor vaccinaties.",Inwoners met een huisdier,Laag inkomen,Gratis,online,LOC032,Kantoor klantenservice: ma-vr 09:00-17:00.,085 8 222 999,info@perfectpetcare.nl,www.perfectpetcare.nl,huisdieren; dierenarts; app; medisch advies; lage inkomens; BVDD,"Om de app gratis te gebruiken, moet de inwoner zich eerst registreren bij stichting BVDD.",true,2026-03-22T22:44:41.159Z,2026-03-16
SRV029,Marengo huisdierverzekering,Onkosten en dagelijks leven,Regeling,Verzekering voor een kat of kleine hond die 90% van de dierenartskosten betaalt. Er is geen eigen risico en men hoeft geen ingewikkelde keuzes te maken.,Inwoners met een huisdier (kat of kleine hond),Laag inkomen (moet bewezen worden),"18,95€ per maand",online,LOC032,Aanvragen 24/7 via de app,085 8 222 999,info@perfectpetcare.nl,www.perfectpetcare.nl,huisdier; verzekering; dierenarts; BVDD; lage inkomens; hond; kat,Aanvragen gaat via de gratis app. Registratie bij stichting BVDD is verplicht. Geen standaard gemeenteregeling.,true,2026-03-22T22:44:41.159Z,2026-03-16
SRV043,Centrum voor Jeugd en Gezin (CJG),Kinderen en opgroeien,Ondersteuning,"Helpt ouders, kinderen en jongeren met gratis advies over opvoeden en opgroeien. Biedt hulp bij persoonlijke/sociale problemen en organiseert cursussen en workshops.","Ouders, kinderen en jongeren",Geen,"Grotendeels gratis (kosten voor sommige cursussen, zie notities)","walkin, phone","LOC033,LOC015,LOC035,LOC023",Ma t/m vrij 08:00-16:00 (telefonisch advies jeugdverpleegkundige 08:30-12:30),088 254 23 84,info@cjgcursus.nl,cjgleiden.nl/pagina/contact/606164,opvoeden; jeugd; kinderen; jongeren; opgroeien; CJG; cursussen,"Als een betaalde cursus te duur is, kunnen inwoners mailen naar info@cjgcursus.nl.",false,2026-03-22T22:44:41.159Z,2026-03-16
SRV044,JES Rijnland,Kinderen en opgroeien,Ondersteuning,"Stichting JES Rijnland zet zich in voor gelijke kansen. Ze bieden programma's (zoals VoorleesExpress, WeekendKlas en Opstapje) en huisbezoeken aan. Daarnaast helpen brugfunctionarissen op scholen ouders met regelingen en formulieren.",Kinderen en jongeren (0-18 jaar) en hun ouders,Geen,Gratis,walkin,"LOC023,LOC30",,071 - 34 20 900,info@jesrijnland.nl,www.jesrijnland.nl,gelijke kansen; jeugd; gezinnen; brugfunctionaris; huisbezoek; VoorleesExpress; WeekendKlas,"JES geeft zelf geen geld, maar verbindt het gezin met de juiste organisaties. Medewerkers spreken ook Arabisch, Engels en Frans. Er zijn vaste wijkcontactpersonen per stadsdeel.",false,2026-03-22T22:44:41.159Z,2026-03-16
SRV045,Kwikstart,Kinderen en opgroeien,Informatie,Kwikstart geeft jongeren tussen de 16 en 27 jaar informatie over belangrijke onderwerpen. Bijvoorbeeld over wonen geld school gezondheid verzekeringen rechten en plichten. Naast algemene informatie biedt Kwikstart ook lokale informatie.,Jongeren tussen de 16 en 27 jaar,Geen,Gratis,online,,,,,kwikstart.nl/gemeenten/leiden,"jongerenhulp, zelfstandig wonen, huisvesting, geldzaken, toeslagen, zorgverzekering, werk zoeken, studiefinanciering, mentale gezondheid, praktische hulp",,false,2026-03-22T22:44:41.159Z,16/3/2026
SRV046,Levenlanglerenkrediet,Studeren en werken,Regeling,Het Levenlanglerenkrediet is een regeling voor inwoners die een opleiding willen volgen. Met deze regeling kunnen inwoners geld lenen voor hun opleiding. Zo kunnen zij zich verder ontwikkelen en meer kans maken op een baan die bij hen past.,Inwoners die een opleiding willen volgen maar geen recht meer hebben op studiefinanciering; jonger dan 57 jaar,Geen,Lening (terugbetalen),online,,Aanvragen voordat de opleiding begint,,,duo.nl/particulier/levenlanglerenkrediet/aanvragen-en-wijzigen.jsp,"lening, opleiding, mbo, hbo, universiteit, studiefinanciering, DUO",,false,2026-03-22T22:44:41.159Z,16/3/3026
SRV047,Studiefinanciering,Studeren en werken,Regeling,"Inwoners die studeren kunnen studiefinanciering krijgen. Dat is geld van de overheid, waarmee inwoners een deel van hun studie kunnen betalen. Inwoners kunnen zelf bepalen wat zij aanvragen.","Inwoners jonger dan 30 jaar die een erkende mbo-, hbo- of universitaire opleiding volgen",Afhankelijk van inkomen inwoner of ouders,Gratis (beurs) / Lening (terugbetalen),online,,Aanvragen drie maanden voor start studie,,,duo.nl/particulier/studiefinanciering,"studie, beurs, lening, reisproduct, mbo, hbo, universiteit, DUO, studiepunten",,false,2026-03-22T22:44:41.159Z,16/3/2026
SRV048,Studietoeslag,Studeren en werken,Regeling,"Studenten van 15 jaar of ouder kunnen studietoeslag krijgen. Dat is geld van de overheid die helpt met het betalen van de studie. Studietoeslag is bedoeld voor studenten met een ziekte of beperking, die niet kunnen werken naast hun studie.",Studenten van 15 jaar of ouder wonend in Leiden of Leiderdorp met ziekte of beperking die werken naast studie onmogelijk maakt,Ontvangt studiefinanciering (WSF 2000) of tegemoetkoming schoolkosten (WTOS); geen Wajong-uitkering,Gratis,online,,Ma-Vr 09:00-17:00,14071,,https://gemeente.leiden.nl/inwoners-en-ondernemers/uitkering-en-inkomen/hulp-bij-laag-inkomen/studietoeslag/,"studietoeslag, ziekte, beperking, studie, Leiden, Leiderdorp, WSF, WTOS",,false,2026-03-22T22:44:41.159Z,16/3/2026
SRV049,Tegemoetkoming scholieren,Studeren en werken,Regeling,"De tegemoetkoming scholieren is een regeling voor studenten van 18 jaar en ouder die voltijd vmbo, havo, vwo, vso of vavo volgen. Met deze regeling krijgen studenten hulp bij het betalen van kosten voor school, zoals schoolboeken en ander studiemateriaal.",Studenten van 18 jaar of ouder die voltijd voortgezet onderwijs volgen met Nederlandse nationaliteit of verblijfsvergunning,Aanvullende toelage afhankelijk van inkomen ouders,Gratis,online,,Maandelijkse uitbetaling ook tijdens zomervakantie; aanvragen vanaf kwartaal na 18e verjaardag,,,https://duo.nl/particulier/tegemoetkoming-scholieren/aanvragen-en-wijzigen.jsp,"scholieren, vmbo, havo, vwo, vso, vavo, schoolboeken, studiemateriaal, basistoelage, DUO",,false,2026-03-22T22:44:41.159Z,16/3/2026
SRV050,De VAKbeweging,Studeren en werken,Ondersteuning,"De VAKbeweging geeft gratis hulp bij het zoeken naar werk. Inwoners die misschien hun baan verliezen, een tijdelijk contract hebben of niet kunnen werken door ziekte, kunnen zich aanmelden. Met coaching en begeleiding helpt de VAKbeweging bij het vinden van een nieuwe baan die goed bij hen past.",Mensen die hun baan verliezen een tijdelijk contract hebben of niet kunnen werken door lichamelijke of geestelijke klachten; werkgever/sector biedt zelf geen hulp,Geen,Gratis,online,,Monday to Friday from 09.00 - 13.00 - Op afspraak na aanmelding,085-0487742,info@devakbeweging.nl,devakbeweging.nl,"werk, baan, coaching, loopbaan, ontslag, tijdelijk contract, ziekte, workshops",,false,2026-03-22T22:44:41.159Z,16/3/2026
SRV051,DZB,Studeren en werken,Ondersteuning,"DZB Leiden helpt mensen met het zoeken naar werk. Ze vinden het belangrijk dat inwoners een baan krijgen waar ze zich goed voelen en kunnen groeien. DZB helpt inwoners met trainingen, leerwerktrajecten, begeleiding en bemiddeling.",Inwoners die werk zoeken in de omgeving van Leiden; ook beschutte werkplekken (indicatie Beschut werk via UWV) en ontwikkelbanen (indicatie Banenafspraak via UWV),Geen,Gratis,"phone,email",LOC011,Mo-Vr 09:00-17:00,071 - 58 18 585,info@dzb.nl,dzb.nl,"werk, re-integratie, beschut werk, leerwerktraject, begeleiding, UWV, Banenafspraak",,false,2026-03-22T22:44:41.159Z,16/3/2026
SRV052,JobHulpMaatje,Studeren en werken,Ondersteuning,"Inwoners die zoeken naar werk kunnen gratis hulp krijgen van JobHulpMaatje. De vrijwillige coaches van JobHulpMaatje helpen inwoners bij het ontdekken van hun talenten, waardoor zij werk kunnen vinden dat bij ze past.",Inwoners wonend in Leiden of Oegstgeest die werk zoeken,Geen,Gratis,online,,,,info@voorelkaarleiden.nl,https://jobhulpmaatje.nl/aanmelden/?deelnametype=JobGroup,"cv, sollicitatiebrief, sollicitatiegesprek, JobGroup, vrijwilligers, coaches, Leiden, Oegstgeest",,false,2026-03-22T22:44:41.159Z,16/3/2026
SRV053,JobOn,Studeren en werken,Ondersteuning,JobOn helpt inwoners bij het zoeken naar een baan. Inwoners kunnen workshops en webinars volgen om bij te leren. Ook organiseert JobOn evenementen waarin inwoners hun netwerk kunnen uitbreiden.,Werkzoekenden,Geen,Gratis,online,,Ma-Do 09:00-17:00,,info@jobon.nl,jobon.nl/voor-werkzoekenden,"werk, baan, workshops, webinars, netwerk, evenementen, profiel, Leiden",,false,2026-03-22T22:44:41.159Z,16/3/2026
SRV054,Jongeren Informatie Punt (JIP),Studeren en werken,Ondersteuning,"Het Jongeren Informatie Punt (JIP) helpt inwoners tussen de 16 en 27 jaar met hun vragen over geld, wonen, werk, studie en gezondheid. JIP helpt jongeren met gratis advies, hulp en luistert naar hun vragen en problemen.","Inwoners tussen 16 en 27 jaar die wonen, werken of studeren in Leiden",Geen,Gratis,"walkin, phone, email",LOC025,Elke donderdagavond 17:00-20:00; geen afspraak nodig,06 - 38 32 29 89,leiden@solnetwerk.nl,https://www.solnetwerk.nl/wat-we-doen/kinderen-tieners-jongeren/jongerenwerk/jongereninformatiepunt-jip-leiden/,"jongeren, geld, wonen, werk, studie, gezondheid, relaties, advies, workshops, Leiden",,false,2026-03-22T22:44:41.159Z,16/3/2026
SRV055,Werkcafé Leiden,Studeren en werken,Ondersteuning,"Bij het werkcafé Leiden kunnen inwoners vragen stellen over werk en opleidingen. Inwoners kunnen zonder afspraak langskomen, zij worden geholpen door de adviseurs van het Werkcafé.","Inwoners wonend in Leiden, Leiderdorp, Oegstgeest of Zoeterwoude",Geen,Gratis,walkin,LOC008,Elke dinsdag 09:30-11:30; geen afspraak nodig,,info@werkcafehollandrijnland.nl,werkcafehollandrijnland.nl,"werk, opleiding, sollicitaties, loopbaan, vaardighedentest, beroepen, studies, Leiden, Leiderdorp",,false,2026-03-22T22:44:41.159Z,16/3/2026
SRV056,YouRight,Studeren en werken,Ondersteuning,"YouRight helpt jongeren gratis met juridische vragen. Bijvoorbeeld over school, stage, werk, geld, huur of boetes. Jongeren krijgen hulp en advies van experts. De hulp is gratis en anoniem.	Jongeren met juridische vragen",Jongeren,Geen,Gratis,online,,,,Youright@studiomoio.nl,youright.nl,"juridisch, school, stage, werk, geld, huur, boetes, anoniem, jongeren",,false,2026-03-22T22:44:41.159Z,16/3/2026